
{
    "region" : "sa-east-1",
    "configuration" : "Debug",
    "framework"     : "netcoreapp2.1",
    "self-contained" : false,
    "application"    : "ApiServ",
    "environment"    : "ApiServ-dev",
    "enable-xray"    : false,
    "enhanced-health-type" : "basic",
    "additional-options"   : "\"aws:autoscaling:launchconfiguration,SecurityGroups\"=\"sg-1a852c51\";\"aws:ec2:vpc,Subnets\"=\"subnet-e3450bb8\"",
    "solution-stack"       : "64bit Amazon Linux 2 v2.2.6 running .NET Core",
    "environment-type"     : "SingleInstance",
    "cname"                : "apiserv-dev",
    "instance-type"        : "t3a.medium",
    "key-pair"             : "",
    "instance-profile"     : "aws-elasticbeanstalk-ec2-role",
    "service-role"         : "aws-elasticbeanstalk-service-role",
    "proxy-server"         : "nginx"
}